{
  "filme": [
    {
      "id": "1",
      "image": "https://m.media-amazon.com/images/M/MV5BMjAxMzY3NjcxNF5BMl5BanBnXkFtZTcwNTI5OTM0Mw@@._V1_.jpg",
      "name": "Inception",
      "genre": "Science-Fiction, Thriller",
      "beschreibung": " Dieser Science-Fiction-Thriller von Christopher Nolan ist ein visuell beeindruckender Film über Diebstahl von Träumen. Er bietet eine komplexe Handlung, fesselnde Charaktere und beeindruckende visuelle Effekte."
    },
    {
      "id": "2",
      "image": "https://assets.cdn.moviepilot.de/files/907722fd26722acf79b0969a472768c7c8efe900c48e0fb0b8e93fb2eb99/limit/500/1000/MV5BNTUxOTdjMDMtMWY1MC00MjkxLTgxYTMtYTM1MjU5ZTJlNTZjXkEyXkFqcGdeQXVyNTA4NzY1MzY%40._V1_SY1000_CR0%2C0%2C706%2C1000_AL_.jpg",
      "name": "Der Pate",
      "genre": "Kriminaldrama, Mafiafilm",
      "beschreibung": " Dieser Klassiker von Francis Ford Coppola ist ein epischer Mafiafilm, der die Geschichte der Corleone-Familie erzählt. Der Film zeichnet sich durch eine meisterhafte Regie, großartige Schauspielerleistungen (einschließlich Marlon Brando und Al Pacino) und eine packende Handlung aus."
    },
    {
      "id": "3",
      "image": "https://m.media-amazon.com/images/M/MV5BZjdkOTU3MDktN2IxOS00OGEyLWFmMjktY2FiMmZkNWIyODZiXkEyXkFqcGdeQXVyMTMxODk2OTU@._V1_.jpg",
      "name": "Interstellar",
      "genre": "Science-Fiction, Abenteuer, Drama",
      "beschreibung": "Ein weiterer Film von Christopher Nolan, der sich mit Raumfahrt und der Erkundung des Universums befasst. Der Film folgt einer Gruppe von Astronauten auf einer Mission, um eine neue bewohnbare Welt zu finden. Der Film ist bekannt für seine beeindruckenden visuellen Effekte, seine emotionale Geschichte und seine wissenschaftliche Genauigkeit."
    }
  ]
}
